{"images": {"icon-large": "http://www.projectcalico.org/wp-content/uploads/2016/04/Calico-logo-felix-only-transparent-256-256.png", "icon-small": "http://www.projectcalico.org/wp-content/uploads/2016/04/Calico-logo-felix-only-transparent-48-48.png", "icon-medium": "http://www.projectcalico.org/wp-content/uploads/2016/04/Calico-logo-felix-only-transparent-96-96.png"}, "assets": {"container": {"docker": {"calico-dcos": "calico/calico-dcos:v0.1.0", "calico-libnetwork": "calico/node-libnetwork:v0.8.0", "calico-node": "calico/node:v0.19.0"}}, "uris": {"calico-installer": "https://github.com/projectcalico/calico-mesos/releases/download/v0.1.5/installer", "etcd": "https://github.com/coreos/etcd/releases/download/v2.3.1/etcd-v2.3.1-linux-amd64.tar.gz", "calicoctl": "https://github.com/projectcalico/calico-containers/releases/download/v0.19.0/calicoctl", "calico-mesos-plugin": "https://github.com/projectcalico/calico-mesos/releases/download/v0.1.5/calico_mesos", "netmodules-libraries": "https://github.com/projectcalico/calico-mesos/releases/download/v0.1.5/netmodules.tar.gz"}}}