{"images": {"icon-large": "https://d1vubr0evspla.cloudfront.net/img/icon-large.png", "icon-small": "https://d1vubr0evspla.cloudfront.net/img/icon-small.png", "icon-medium": "https://d1vubr0evspla.cloudfront.net/img/icon-medium.png", "screenshots": ["https://d1vubr0evspla.cloudfront.net/img/screen-0-kafka.png"]}, "assets": {"uris": {"kafka_2-10-0-8-2-1-tgz": "https://d1vubr0evspla.cloudfront.net/kafka_2.10-0.8.2.1.tgz", "kafka-mesos-0-9-2-0-jar": "https://d1vubr0evspla.cloudfront.net/kafka-mesos-0.9.2.0.jar", "jre-7u79-openjdk-tgz": "https://d1vubr0evspla.cloudfront.net/jre-7u79-openjdk.tgz"}}}