{"images": {"icon-large": "https://downloads.mesosphere.com/universe/assets/icon-service-kafka-large.png", "icon-small": "https://downloads.mesosphere.com/universe/assets/icon-service-kafka-small.png", "icon-medium": "https://downloads.mesosphere.com/universe/assets/icon-service-kafka-medium.png", "screenshots": ["https://d1vubr0evspla.cloudfront.net/img/screen-0-kafka.png"]}, "assets": {"uris": {"kafka-config-overrider-0-1-0-jar": "https://s3-eu-west-1.amazonaws.com/downloads.mesosphere.com/kafka/0_8_2_2/kafka-config-overrider-0.1.0-uber.jar", "jre-8u72-linux-x64-tar-gz": "https://s3-eu-west-1.amazonaws.com/downloads.mesosphere.com/kafka/jre-8u72-linux-x64.tar.gz", "kafka-scheduler-0-1-0-jar": "https://s3-eu-west-1.amazonaws.com/downloads.mesosphere.com/kafka/0_8_2_2/kafka-scheduler-0.1.0-uber.jar", "kafka_2-10-0-8-2-2-tgz": "https://s3-eu-west-1.amazonaws.com/downloads.mesosphere.com/kafka/0_8_2_2/kafka_2.10-0.8.2.2.tgz", "container-hook-0-1-0-tgz": "https://s3-eu-west-1.amazonaws.com/downloads.mesosphere.com/kafka/0_8_2_2/container-hook-0.1.0.tgz"}}}