{"images": {"icon-large": "https://downloads.mesosphere.com/universe/assets/icon-service-hue-large.png", "icon-small": "https://downloads.mesosphere.com/universe/assets/icon-service-hue-small.png", "icon-medium": "https://downloads.mesosphere.com/universe/assets/icon-service-hue-medium.png"}, "assets": {"container": {"docker": {"hue-docker": "mesosphere/hue"}}, "uris": {"hdfs-mesos-0-1-1-tgz": "https://downloads.mesosphere.com/hdfs/artifacts/dcos/0.1.1/hdfs-mesos-0.1.1.tgz", "hue-ini": "https://downloads.mesosphere.com/hue/hue.ini", "httpfs-site-xml": "https://downloads.mesosphere.com/hue/httpfs-site.xml"}}}