{"images": {"icon-large": "https://downloads.mesosphere.com/universe/assets/icon-service-kafka-large.png", "icon-small": "https://downloads.mesosphere.com/universe/assets/icon-service-kafka-small.png", "icon-medium": "https://downloads.mesosphere.com/universe/assets/icon-service-kafka-medium.png"}, "assets": {"uris": {"jre-tar-gz": "https://downloads.mesosphere.com/kafka/assets/jre-8u91-linux-x64.tar.gz", "scheduler-zip": "https://downloads.mesosphere.com/kafka/assets/1.1.5-0.10.0.0/scheduler.zip", "executor-zip": "https://downloads.mesosphere.com/kafka/assets/1.1.5-0.10.0.0/executor.zip", "kafka_tgz": "https://downloads.mesosphere.com/kafka/assets/kafka_2.11-0.10.0.0.tgz", "overrider-zip": "https://downloads.mesosphere.com/kafka/assets/1.1.5-0.10.0.0/overrider.zip"}}}